Domain,Status,Attractiveness,Demand,Length,Sectors,Created,Expires,Registrar
one.institute,available,132,44%,3,"Business,General,Media,Technology",,,
second.institute,available,120,23%,6,"General,Mathematics",,,
tenth.institute,available,116,7%,5,Mathematics,,,
flat.institute,available,116,24%,4,"Construction,Real Estate",,,
eight.institute,available,102,23%,5,"General,Mathematics",,,
third.institute,available,100,16%,5,Mathematics,,,
eighth.institute,available,100,6%,6,Mathematics,,,
crack.institute,available,100,20%,5,Sports,,,
sixth.institute,available,100,8%,5,Mathematics,,,
ninth.institute,available,100,9%,5,Mathematics,,,
twentieth.institute,available,92,3%,9,Mathematics,,,
nought.institute,available,92,4%,6,Mathematics,,,
leash.institute,available,90,7%,5,"General,Health and Fitness,Retail",,,
hundred.institute,available,88,14%,7,Mathematics,,,
sixteen.institute,expiring,88,11%,7,Mathematics,10/09/2024 14:50,10/09/2025 14:50,"GoDaddy.com, LLC"
three.institute,available,88,24%,5,Mathematics,,,
eleven.institute,available,88,33%,6,Mathematics,,,
fifteen.institute,available,88,13%,7,Mathematics,,,
twelve.institute,available,88,18%,6,"General,Mathematics",,,
xix.institute,available,86,11%,3,Mathematics,,,
xiv.institute,available,86,12%,3,Mathematics,,,
cipher.institute,resell,86,29%,6,Mathematics,02/06/2023 17:14,02/06/2026 17:14,"NameCheap, Inc."
thirteen.institute,available,84,10%,8,Mathematics,,,
thousand.institute,available,84,8%,8,Mathematics,,,
grand.institute,available,84,25%,5,"Finance,General",,,
seventeen.institute,available,84,7%,9,Mathematics,,,
twentytwo.institute,available,84,11%,10,Mathematics,,,
nineteen.institute,available,84,8%,8,Mathematics,,,
fourteen.institute,available,84,8%,8,Mathematics,,,
twentyone.institute,available,84,13%,10,Mathematics,,,
fivesome.institute,available,82,1%,8,Sports,,,
decade.institute,available,82,10%,6,Mathematics,,,
dozen.institute,available,82,10%,5,Mathematics,,,
seventh.institute,available,80,10%,7,Mathematics,,,
two.institute,available,80,24%,3,Mathematics,,,
twenty.institute,available,80,12%,6,Mathematics,,,
yard.institute,available,80,26%,4,"Construction,General",,,
forty.institute,available,80,9%,5,Mathematics,,,
nine.institute,available,80,24%,4,"General,Mathematics",,,
trio.institute,available,80,21%,4,Entertainment,,,
twentysix.institute,available,78,8%,10,Mathematics,,,
sixtynine.institute,available,78,8%,10,Mathematics,,,
eighteen.institute,available,76,7%,8,Mathematics,,,
thousandth.institute,available,76,1%,10,Mathematics,,,
thirteenth.institute,available,76,4%,10,Mathematics,,,
threed.institute,available,76,7%,7,Technology,,,
firstrate.institute,available,76,6%,10,Business,,,
fifteenth.institute,available,76,2%,9,Mathematics,,,
hundredth.institute,available,76,1%,9,Mathematics,,,
nineteenth.institute,available,76,3%,10,Mathematics,,,
fourteenth.institute,available,76,1%,10,Mathematics,,,
single.institute,available,74,19%,6,Sports,,,
sixtieth.institute,available,72,1%,8,Mathematics,,,
ternary.institute,available,72,7%,7,Mathematics,,,
trinity.institute,available,72,18%,7,Religion,,,
seventieth.institute,available,72,1%,10,Mathematics,,,
eightieth.institute,available,72,1%,9,Mathematics,,,
trey.institute,available,72,14%,4,Sports,,,
ninetieth.institute,available,72,1%,9,Mathematics,,,
tiptop.institute,available,70,24%,6,Fashion,,,
ennead.institute,available,68,5%,6,Mathematics,,,
octonary.institute,available,68,1%,8,Mathematics,,,
fiftieth.institute,available,68,0%,8,Mathematics,,,
sevener.institute,available,68,1%,7,Mathematics,,,
foursome.institute,available,68,4%,8,Sports,,,
thirtieth.institute,available,68,1%,9,Mathematics,,,
threesome.institute,available,68,5%,9,Entertainment,,,
ane.institute,available,68,12%,3,Mathematics,,,
fortieth.institute,available,68,0%,8,Mathematics,,,
septenary.institute,available,68,1%,9,Mathematics,,,
eighty.institute,available,66,6%,6,Mathematics,,,
latest.institute,available,66,18%,6,Technology,,,
acappella.institute,available,66,6%,10,Entertainment,,,
xvi.institute,available,66,5%,3,Mathematics,,,
century.institute,available,66,17%,7,Education,,,
xxvi.institute,available,66,3%,4,Mathematics,,,
sextet.institute,available,66,1%,6,Entertainment,,,
thirty.institute,available,66,8%,6,Mathematics,,,
deuce.institute,available,66,9%,5,Sports,,,
xxi.institute,available,66,10%,3,Mathematics,,,
xii.institute,available,66,10%,3,Mathematics,,,
ninety.institute,available,66,11%,6,Mathematics,,,
tenner.institute,available,66,5%,6,Finance,,,
xxii.institute,available,66,6%,4,Mathematics,,,
xvii.institute,available,66,5%,4,Mathematics,,,
onec.institute,available,66,6%,5,Mathematics,,,
xxv.institute,available,66,6%,3,Mathematics,,,
clv.institute,available,66,10%,3,Mathematics,,,
six.institute,available,66,26%,3,Mathematics,,,
fifty.institute,available,66,12%,5,Mathematics,,,
xiii.institute,available,66,9%,4,Mathematics,,,
four.institute,available,66,27%,4,Mathematics,,,
xviii.institute,available,66,5%,5,Mathematics,,,
sixteenth.institute,available,62,1%,9,Mathematics,,,
eleventh.institute,available,62,5%,8,Mathematics,,,
fortyfour.institute,available,62,6%,10,Mathematics,,,
chiliad.institute,available,62,2%,7,Mathematics,,,
troika.institute,available,62,8%,6,Politics,,,
eighteenth.institute,available,62,1%,10,Mathematics,,,
quartet.institute,available,62,7%,7,"Arts,Entertainment",,,
twodozen.institute,available,62,1%,9,Mathematics,,,
longdozen.institute,available,62,2%,10,Mathematics,,,
cxv.institute,available,60,4%,3,Mathematics,,,
clx.institute,available,60,10%,3,Mathematics,,,
tertiary.institute,available,60,4%,8,Education,,,
clxxv.institute,available,60,1%,5,Mathematics,,,
cxxxv.institute,available,60,2%,5,Mathematics,,,
xcl.institute,available,60,5%,3,Mathematics,,,
clxx.institute,available,60,3%,4,Mathematics,,,
cxx.institute,available,60,10%,3,Mathematics,,,
eightysix.institute,available,60,7%,10,Mathematics,,,
cxxx.institute,available,60,4%,4,Mathematics,,,
sixty.institute,available,60,13%,5,Mathematics,,,
cxl.institute,available,60,7%,3,Mathematics,,,
clxv.institute,available,60,1%,4,Mathematics,,,
cxxv.institute,available,60,1%,4,Mathematics,,,
clxxx.institute,available,60,1%,5,Mathematics,,,
thou.institute,available,60,7%,4,Mathematics,,,
cxlv.institute,available,60,2%,4,Mathematics,,,
pentad.institute,available,58,2%,6,Mathematics,,,
super.institute,expiring,58,47%,5,Business,01/09/2024 15:16,01/09/2025 15:16,Edomains LLC
alacarte.institute,available,58,11%,10,Food and Beverage,,,
fifth.institute,available,58,12%,5,Mathematics,,,
sixer.institute,available,58,5%,5,Sports,,,
centesimal.institute,available,58,1%,10,Mathematics,,,
heptad.institute,available,58,1%,6,Mathematics,,,
sextuplet.institute,available,58,1%,9,Healthcare,,,
tetrad.institute,available,58,5%,6,Mathematics,,,
fourscore.institute,available,58,4%,9,Mathematics,,,
niner.institute,available,58,5%,5,Mathematics,,,
eighter.institute,available,58,2%,7,Mathematics,,,
seven.institute,available,58,36%,5,Mathematics,,,
twelfth.institute,available,58,2%,7,Mathematics,,,
lxxx.institute,available,58,2%,4,Mathematics,,,
sixtyone.institute,available,58,3%,9,Mathematics,,,
hexad.institute,available,58,4%,5,Mathematics,,,
fourth.institute,available,58,13%,6,Mathematics,,,
cypher.institute,available,58,29%,6,Mathematics,,,
seventy.institute,available,58,7%,7,Mathematics,,,
xxxiii.institute,available,56,2%,6,Mathematics,,,
xli.institute,available,56,5%,3,Mathematics,,,
xliv.institute,available,56,2%,4,Mathematics,,,
xxxviii.institute,available,56,1%,7,Mathematics,,,
thirtysix.institute,available,56,5%,10,Mathematics,,,
lvi.institute,available,56,8%,3,Mathematics,,,
thirtytwo.institute,available,56,5%,10,Mathematics,,,
xxxv.institute,available,56,4%,4,Mathematics,,,
xlii.institute,available,56,5%,4,Mathematics,,,
halfdozen.institute,available,56,1%,10,Mathematics,,,
fiftytwo.institute,available,56,6%,9,Mathematics,,,
xxxii.institute,available,56,1%,5,Mathematics,,,
xxxvi.institute,available,56,1%,5,Mathematics,,,
fortyone.institute,available,56,4%,9,Mathematics,,,
fiftyfour.institute,available,56,3%,10,Mathematics,,,
xxxvii.institute,available,56,2%,6,Mathematics,,,
fortynine.institute,available,56,3%,10,Mathematics,,,
xxxiv.institute,available,56,1%,5,Mathematics,,,
ilx.institute,available,56,5%,3,Mathematics,,,
thirtyone.institute,available,56,5%,10,Mathematics,,,
xlviii.institute,available,56,1%,6,Mathematics,,,
fiftyfive.institute,available,56,7%,10,Mathematics,,,
lviii.institute,available,56,1%,5,Mathematics,,,
lvii.institute,available,56,1%,4,Mathematics,,,
xlvii.institute,available,56,2%,5,Mathematics,,,
xxviii.institute,available,56,1%,6,Mathematics,,,
xlv.institute,available,56,6%,3,Mathematics,,,
xliii.institute,available,56,1%,5,Mathematics,,,
xxix.institute,available,56,4%,4,Mathematics,,,
fiftysix.institute,available,56,4%,9,Mathematics,,,
xxiv.institute,available,56,5%,4,Mathematics,,,
lii.institute,available,56,7%,3,Mathematics,,,
fiftynine.institute,available,56,4%,10,Mathematics,,,
fortysix.institute,available,56,3%,9,Mathematics,,,
xxvii.institute,available,56,3%,5,Mathematics,,,
xxiii.institute,available,56,5%,5,Mathematics,,,
aone.institute,available,56,15%,5,Food and Beverage,,,
fortytwo.institute,available,56,17%,9,Mathematics,,,
xlvi.institute,available,56,3%,4,Mathematics,,,
liii.institute,available,56,4%,4,Mathematics,,,
fiftyone.institute,available,56,7%,9,Mathematics,,,
xxxi.institute,available,56,9%,4,Mathematics,,,
threescore.institute,available,54,1%,10,Mathematics,,,
topnotch.institute,available,54,18%,8,Business,,,
fortyfive.institute,available,54,4%,10,Mathematics,,,
viii.institute,available,54,6%,4,Mathematics,,,
quatern.institute,available,54,2%,7,Mathematics,,,
vii.institute,available,54,13%,3,Mathematics,,,
quaternity.institute,available,54,4%,10,Mathematics,,,
twoscore.institute,available,54,2%,8,Mathematics,,,
deuceace.institute,available,54,2%,9,Sports,,,
quaternion.institute,available,54,6%,10,Mathematics,,,
lxxxvi.institute,available,52,1%,6,Mathematics,,,
lxxxi.institute,available,52,1%,5,Mathematics,,,
lxxvii.institute,available,52,2%,6,Mathematics,,,
lxii.institute,available,52,1%,4,Mathematics,,,
xci.institute,available,52,4%,3,Mathematics,,,
lxxxv.institute,available,52,1%,5,Mathematics,,,
lxv.institute,available,52,5%,3,Mathematics,,,
lxiv.institute,available,52,3%,4,Mathematics,,,
lxxv.institute,available,52,1%,4,Mathematics,,,
lxi.institute,available,52,5%,3,Mathematics,,,
lxxxii.institute,available,52,1%,6,Mathematics,,,
lxxxvii.institute,available,52,1%,7,Mathematics,,,
lxviii.institute,available,52,1%,6,Mathematics,,,
ixc.institute,available,52,5%,3,Mathematics,,,
xcvii.institute,available,52,1%,5,Mathematics,,,
sixtytwo.institute,available,52,3%,9,Mathematics,,,
ninetytwo.institute,available,52,4%,10,Mathematics,,,
ninetysix.institute,available,52,4%,10,Mathematics,,,
xciv.institute,available,52,2%,4,Mathematics,,,
xcv.institute,available,52,7%,3,Mathematics,,,
lxxiv.institute,available,52,1%,5,Mathematics,,,
ixl.institute,available,52,9%,3,Mathematics,,,
eightytwo.institute,available,52,4%,10,Mathematics,,,
sixtysix.institute,available,52,4%,9,Mathematics,,,
lxxxiii.institute,available,52,1%,7,Mathematics,,,
sixtyfive.institute,available,52,3%,10,Mathematics,,,
xcii.institute,available,52,2%,4,Mathematics,,,
xcviii.institute,available,52,1%,6,Mathematics,,,
eightyone.institute,available,52,3%,10,Mathematics,,,
lxxi.institute,available,52,1%,4,Mathematics,,,
lxxii.institute,available,52,1%,5,Mathematics,,,
sixtyfour.institute,available,52,3%,10,Mathematics,,,
lxxvi.institute,available,52,1%,5,Mathematics,,,
ninetyone.institute,available,52,5%,10,Mathematics,,,
lxiii.institute,available,52,2%,5,Mathematics,,,
lxxiii.institute,available,52,1%,6,Mathematics,,,
xcvi.institute,available,52,2%,4,Mathematics,,,
lxvi.institute,available,52,3%,4,Mathematics,,,
xciii.institute,available,52,1%,5,Mathematics,,,
lxvii.institute,available,52,1%,5,Mathematics,,,
lxxxiv.institute,available,52,1%,6,Mathematics,,,
cinque.institute,available,50,7%,6,Mathematics,,,
triplet.institute,available,50,8%,7,Science,,,
lxx.institute,available,50,5%,3,Mathematics,,,
ogdoad.institute,available,50,1%,6,Mathematics,,,
lxxxviii.institute,available,48,1%,8,Mathematics,,,
quaternary.institute,available,46,3%,10,Mathematics,,,